"","des","x","y","MLBCODE","pitcher","type","team","inning","date","gameday_link","LASTNAME","FIRSTNAME","PLAYERID","DAVENPORTCODE","RETROSHEETCODE","batter_name","year"
"1","Bunt Groundout",122.87,193.46,592696,605483,"O","A",7,2018-04-05,"gid_2018_04_21_minmlb_tbamlb_1","Rosario","Eddie",67098,"ROSARIO19910928A",NA,"Eddie Rosario","2018"
"2","Double",43.7580527463708,112.825223339063,596146,605164,"H","H",3,2019-03-28,"gid_2019_04_28_balmlb_minmlb_1","Kepler","Max",68091,"KEPLER-RO19930210A",NA,"Max Kepler","2019"
"3","Double",53.94,121.24,596146,488768,"H","A",2,2018-04-05,"gid_2018_03_31_minmlb_balmlb_1","Kepler","Max",68091,"KEPLER-RO19930210A",NA,"Max Kepler","2018"
"4","Double",75.18,57.14,596146,592741,"H","A",8,2018-04-05,"gid_2018_04_24_minmlb_nyamlb_1","Kepler","Max",68091,"KEPLER-RO19930210A",NA,"Max Kepler","2018"
"5","Double",79.9,59.22,596146,642232,"H","A",6,2018-04-05,"gid_2018_04_22_minmlb_tbamlb_1","Kepler","Max",68091,"KEPLER-RO19930210A",NA,"Max Kepler","2018"
"6","Double",98.65,86.25,596146,446372,"H","H",7,2018-04-05,"gid_2018_04_17_clemlb_minmlb_1","Kepler","Max",68091,"KEPLER-RO19930210A",NA,"Max Kepler","2018"
"7","Double",108.73,100.78,592696,456701,"H","A",2,2019-03-28,"gid_2019_04_03_minmlb_kcamlb_1","Rosario","Eddie",67098,"ROSARIO19910928A",NA,"Eddie Rosario","2019"
"8","Double",146.48,104.8,592696,605483,"H","A",4,2018-04-05,"gid_2018_04_21_minmlb_tbamlb_1","Rosario","Eddie",67098,"ROSARIO19910928A",NA,"Eddie Rosario","2018"
"9","Double",146.898032868526,88.7250983097639,596146,544727,"H","A",8,2019-03-28,"gid_2019_04_10_minmlb_nynmlb_1","Kepler","Max",68091,"KEPLER-RO19930210A",NA,"Max Kepler","2019"
"10","Double",150.24,178.92,592696,502190,"H","H",1,2018-04-05,"gid_2018_04_07_seamlb_minmlb_1","Rosario","Eddie",67098,"ROSARIO19910928A",NA,"Eddie Rosario","2018"
"11","Double",153.230063320835,80.8455376589841,592696,573185,"H","A",3,2019-03-28,"gid_2019_04_20_minmlb_balmlb_1","Rosario","Eddie",67098,"ROSARIO19910928A",NA,"Eddie Rosario","2019"
"12","Double",157.24651409891,149.898182104822,592696,434378,"H","A",4,2019-03-28,"gid_2019_04_24_minmlb_houmlb_1","Rosario","Eddie",67098,"ROSARIO19910928A",NA,"Eddie Rosario","2019"
"13","Double",165.75,48.46,596146,519294,"H","A",6,2018-04-05,"gid_2018_04_02_minmlb_pitmlb_1","Kepler","Max",68091,"KEPLER-RO19930210A",NA,"Max Kepler","2018"
"14","Double",169.315089232242,51.016656940833,592696,519455,"H","H",3,2019-03-28,"gid_2019_04_14_detmlb_minmlb_1","Rosario","Eddie",67098,"ROSARIO19910928A",NA,"Eddie Rosario","2019"
"15","Double",178.26,51.25,592696,622491,"H","H",1,2018-04-05,"gid_2018_04_27_cinmlb_minmlb_1","Rosario","Eddie",67098,"ROSARIO19910928A",NA,"Eddie Rosario","2018"
"16","Double",192.5,117.74,596146,547888,"H","A",2,2018-04-05,"gid_2018_04_23_minmlb_nyamlb_1","Kepler","Max",68091,"KEPLER-RO19930210A",NA,"Max Kepler","2018"
"17","Double",193.8,120.95,592696,608337,"H","H",6,2018-04-05,"gid_2018_04_12_chamlb_minmlb_1","Rosario","Eddie",67098,"ROSARIO19910928A",NA,"Eddie Rosario","2018"
"18","Double",194.67,114.91,596146,532077,"H","H",9,2018-04-05,"gid_2018_04_30_tormlb_minmlb_1","Kepler","Max",68091,"KEPLER-RO19930210A",NA,"Max Kepler","2018"
"19","Double",204.680198598131,88.9719626168224,596146,663423,"H","H",1,2019-03-28,"gid_2019_04_17_tormlb_minmlb_1","Kepler","Max",68091,"KEPLER-RO19930210A",NA,"Max Kepler","2019"
"20","Double",211.380730384291,72.2281330199501,592696,450306,"H","A",9,2019-03-28,"gid_2019_04_09_minmlb_nynmlb_1","Rosario","Eddie",67098,"ROSARIO19910928A",NA,"Eddie Rosario","2019"
"21","Double",217.92,104.94,596146,594992,"H","H",4,2018-04-05,"gid_2018_04_27_cinmlb_minmlb_1","Kepler","Max",68091,"KEPLER-RO19930210A",NA,"Max Kepler","2018"
"22","Double",219.976816649064,92.7036518252773,596146,543037,"H","H",6,2019-03-28,"gid_2019_04_30_houmlb_minmlb_1","Kepler","Max",68091,"KEPLER-RO19930210A",NA,"Max Kepler","2019"
"23","Double",220.170852803738,108.831775700935,596146,519455,"H","H",1,2019-03-28,"gid_2019_04_14_detmlb_minmlb_1","Kepler","Max",68091,"KEPLER-RO19930210A",NA,"Max Kepler","2019"
"24","Double",227.75,95.44,596146,592130,"H","H",7,2018-04-05,"gid_2018_04_30_tormlb_minmlb_1","Kepler","Max",68091,"KEPLER-RO19930210A",NA,"Max Kepler","2018"
"25","Error",1,1,596146,593334,"E","A",6,2018-04-05,"gid_2018_04_26_minmlb_nyamlb_1","Kepler","Max",68091,"KEPLER-RO19930210A",NA,"Max Kepler","2018"
"26","Error",217.92,104.94,596146,594992,"E","H",4,2018-04-05,"gid_2018_04_27_cinmlb_minmlb_1","Kepler","Max",68091,"KEPLER-RO19930210A",NA,"Max Kepler","2018"
"27","Flyout",32.5878002549843,102.681911284842,592696,623465,"O","H",7,2019-03-28,"gid_2019_04_28_balmlb_minmlb_1","Rosario","Eddie",67098,"ROSARIO19910928A",NA,"Eddie Rosario","2019"
"28","Flyout",44.908838775321,133.019338491228,592696,471911,"O","H",3,2019-03-28,"gid_2019_03_31_clemlb_minmlb_1","Rosario","Eddie",67098,"ROSARIO19910928A",NA,"Eddie Rosario","2019"
"29","Flyout",48.1676836921666,71.8482322259677,596146,446372,"O","H",6,2019-03-28,"gid_2019_03_28_clemlb_minmlb_1","Kepler","Max",68091,"KEPLER-RO19930210A",NA,"Max Kepler","2019"
"30","Flyout",55.46,63.83,592696,542947,"O","A",11,2018-04-05,"gid_2018_03_29_minmlb_balmlb_1","Rosario","Eddie",67098,"ROSARIO19910928A",NA,"Eddie Rosario","2018"
"31","Flyout",55.97,69.93,592696,542947,"O","A",6,2018-04-05,"gid_2018_04_01_minmlb_balmlb_1","Rosario","Eddie",67098,"ROSARIO19910928A",NA,"Eddie Rosario","2018"
"32","Flyout",60.5932977055626,90.4437917003814,592696,642231,"O","H",7,2019-03-28,"gid_2019_04_27_balmlb_minmlb_1","Rosario","Eddie",67098,"ROSARIO19910928A",NA,"Eddie Rosario","2019"
"33","Flyout",62.99,95.73,596146,605483,"O","A",3,2018-04-05,"gid_2018_04_21_minmlb_tbamlb_1","Kepler","Max",68091,"KEPLER-RO19930210A",NA,"Max Kepler","2018"
"34","Flyout",71.03,57.05,596146,547888,"O","A",5,2018-04-05,"gid_2018_04_23_minmlb_nyamlb_1","Kepler","Max",68091,"KEPLER-RO19930210A",NA,"Max Kepler","2018"
"35","Flyout",73.6054322429907,92.1495327102804,596146,571858,"O","H",6,2019-03-28,"gid_2019_04_28_balmlb_minmlb_1","Kepler","Max",68091,"KEPLER-RO19930210A",NA,"Max Kepler","2019"
"36","Flyout",74.48,88.25,596146,543521,"O","H",6,2018-04-05,"gid_2018_04_10_houmlb_minmlb_1","Kepler","Max",68091,"KEPLER-RO19930210A",NA,"Max Kepler","2018"
"37","Flyout",76.91,90.41,592696,641816,"O","H",6,2018-04-05,"gid_2018_04_29_cinmlb_minmlb_1","Rosario","Eddie",67098,"ROSARIO19910928A",NA,"Eddie Rosario","2018"
"38","Flyout",79.9605724299065,120.747663551402,596146,623381,"O","H",7,2019-03-28,"gid_2019_04_16_tormlb_minmlb_1","Kepler","Max",68091,"KEPLER-RO19930210A",NA,"Max Kepler","2019"
"39","Flyout",80.4284776222854,85.70854024647,592696,621107,"O","A",6,2019-03-28,"gid_2019_04_07_minmlb_phimlb_1","Rosario","Eddie",67098,"ROSARIO19910928A",NA,"Eddie Rosario","2019"
"40","Flyout",81.967500421854,51.7150998273928,592696,605164,"O","H",5,2019-03-28,"gid_2019_04_28_balmlb_minmlb_1","Rosario","Eddie",67098,"ROSARIO19910928A",NA,"Eddie Rosario","2019"
"41","Flyout",87.82,103.74,592696,641816,"O","H",1,2018-04-05,"gid_2018_04_29_cinmlb_minmlb_1","Rosario","Eddie",67098,"ROSARIO19910928A",NA,"Eddie Rosario","2018"
"42","Flyout",89.02,125.19,596146,458690,"O","H",8,2018-04-05,"gid_2018_04_12_chamlb_minmlb_1","Kepler","Max",68091,"KEPLER-RO19930210A",NA,"Max Kepler","2018"
"43","Flyout",90.71,70.95,596146,642397,"O","H",3,2019-03-28,"gid_2019_04_12_detmlb_minmlb_1","Kepler","Max",68091,"KEPLER-RO19930210A",NA,"Max Kepler","2019"
"44","Flyout",94.61,107.46,592696,502748,"O","H",8,2018-04-05,"gid_2018_04_11_houmlb_minmlb_1","Rosario","Eddie",67098,"ROSARIO19910928A",NA,"Eddie Rosario","2018"
"45","Flyout",101.98,66.53,596146,572020,"O","H",2,2018-04-05,"gid_2018_04_05_seamlb_minmlb_1","Kepler","Max",68091,"KEPLER-RO19930210A",NA,"Max Kepler","2018"
"46","Flyout",102.122714068954,65.1765316403433,592696,543037,"O","H",4,2019-03-28,"gid_2019_04_30_houmlb_minmlb_1","Rosario","Eddie",67098,"ROSARIO19910928A",NA,"Eddie Rosario","2019"
"47","Flyout",102.14,81.84,596146,605483,"O","A",5,2018-04-05,"gid_2018_04_21_minmlb_tbamlb_1","Kepler","Max",68091,"KEPLER-RO19930210A",NA,"Max Kepler","2018"
"48","Flyout",102.382088938922,82.2990078109991,592696,545333,"O","H",7,2019-03-28,"gid_2019_03_30_clemlb_minmlb_1","Rosario","Eddie",67098,"ROSARIO19910928A",NA,"Eddie Rosario","2019"
"49","Flyout",104.642757928861,83.6820793513058,592696,533167,"O","H",2,2019-03-28,"gid_2019_04_15_tormlb_minmlb_1","Rosario","Eddie",67098,"ROSARIO19910928A",NA,"Eddie Rosario","2019"
"50","Flyout",105.753264934704,37.6923062355523,592696,612434,"O","A",6,2019-03-28,"gid_2019_04_20_minmlb_balmlb_1","Rosario","Eddie",67098,"ROSARIO19910928A",NA,"Eddie Rosario","2019"
"51","Flyout",108.505324910135,104.925870668879,596146,621107,"O","A",5,2019-03-28,"gid_2019_04_07_minmlb_phimlb_1","Kepler","Max",68091,"KEPLER-RO19930210A",NA,"Max Kepler","2019"
"52","Flyout",109.53,66.84,596146,502190,"O","H",5,2018-04-05,"gid_2018_04_07_seamlb_minmlb_1","Kepler","Max",68091,"KEPLER-RO19930210A",NA,"Max Kepler","2018"
"53","Flyout",115.14724725583,56.4923732786935,592696,594798,"O","A",1,2019-03-28,"gid_2019_04_09_minmlb_nynmlb_1","Rosario","Eddie",67098,"ROSARIO19910928A",NA,"Eddie Rosario","2019"
"54","Flyout",116.42,50.63,596146,592332,"O","A",1,2018-04-05,"gid_2018_04_01_minmlb_balmlb_1","Kepler","Max",68091,"KEPLER-RO19930210A",NA,"Max Kepler","2018"
"55","Flyout",117.84,41.9,592696,592789,"O","A",4,2019-03-28,"gid_2019_04_10_minmlb_nynmlb_1","Rosario","Eddie",67098,"ROSARIO19910928A",NA,"Eddie Rosario","2019"
"56","Flyout",118.25,43.34,596146,596720,"O","A",6,2018-04-05,"gid_2018_04_04_minmlb_pitmlb_1","Kepler","Max",68091,"KEPLER-RO19930210A",NA,"Max Kepler","2018"
"57","Flyout",119.18,89.74,596146,641816,"O","H",2,2018-04-05,"gid_2018_04_29_cinmlb_minmlb_1","Kepler","Max",68091,"KEPLER-RO19930210A",NA,"Max Kepler","2018"
"58","Flyout",120.202333699492,39.0205751537152,592696,489119,"O","A",3,2019-03-28,"gid_2019_04_23_minmlb_houmlb_1","Rosario","Eddie",67098,"ROSARIO19910928A",NA,"Eddie Rosario","2019"
"59","Flyout",120.348636536551,96.121026699211,592696,606965,"O","H",9,2019-03-28,"gid_2019_04_30_houmlb_minmlb_1","Rosario","Eddie",67098,"ROSARIO19910928A",NA,"Eddie Rosario","2019"
"60","Flyout",120.598452517551,85.5654680078715,596146,594798,"O","A",3,2019-03-28,"gid_2019_04_09_minmlb_nynmlb_1","Kepler","Max",68091,"KEPLER-RO19930210A",NA,"Max Kepler","2019"
"61","Flyout",122.709877781765,50.2104550240859,596146,471911,"O","H",1,2019-03-28,"gid_2019_03_31_clemlb_minmlb_1","Kepler","Max",68091,"KEPLER-RO19930210A",NA,"Max Kepler","2019"
"62","Flyout",122.857768691589,76.2616822429907,596146,605164,"O","H",4,2019-03-28,"gid_2019_04_28_balmlb_minmlb_1","Kepler","Max",68091,"KEPLER-RO19930210A",NA,"Max Kepler","2019"
"63","Flyout",131.62,84.08,592696,621397,"O","H",9,2018-04-05,"gid_2018_04_18_clemlb_minmlb_1","Rosario","Eddie",67098,"ROSARIO19910928A",NA,"Eddie Rosario","2018"
"64","Flyout",133.633522335182,69.5411821573264,592696,543037,"O","H",1,2019-03-28,"gid_2019_04_30_houmlb_minmlb_1","Rosario","Eddie",67098,"ROSARIO19910928A",NA,"Eddie Rosario","2019"
"65","Flyout",139.507239153801,33.5838559279772,592696,622505,"O","H",7,2019-03-28,"gid_2019_04_13_detmlb_minmlb_1","Rosario","Eddie",67098,"ROSARIO19910928A",NA,"Eddie Rosario","2019"
"66","Flyout",139.66,94.91,596146,607219,"O","H",4,2018-04-05,"gid_2018_04_28_cinmlb_minmlb_1","Kepler","Max",68091,"KEPLER-RO19930210A",NA,"Max Kepler","2018"
"67","Flyout",144.220341985008,78.297194325577,596146,607625,"O","A",6,2019-03-28,"gid_2019_04_09_minmlb_nynmlb_1","Kepler","Max",68091,"KEPLER-RO19930210A",NA,"Max Kepler","2019"
"68","Flyout",144.958284000055,37.2424339523492,592696,502202,"O","A",10,2019-03-28,"gid_2019_04_02_minmlb_kcamlb_1","Rosario","Eddie",67098,"ROSARIO19910928A",NA,"Eddie Rosario","2019"
"69","Flyout",145.81,95.26,592696,607219,"O","H",1,2018-04-05,"gid_2018_04_28_cinmlb_minmlb_1","Rosario","Eddie",67098,"ROSARIO19910928A",NA,"Eddie Rosario","2018"
"70","Flyout",152.196017665154,46.9334247167555,592696,643316,"O","H",6,2019-03-28,"gid_2019_04_27_balmlb_minmlb_1","Rosario","Eddie",67098,"ROSARIO19910928A",NA,"Eddie Rosario","2019"
"71","Flyout",152.29,71.78,596146,501925,"O","H",8,2018-04-05,"gid_2018_04_10_houmlb_minmlb_1","Kepler","Max",68091,"KEPLER-RO19930210A",NA,"Max Kepler","2018"
"72","Flyout",161.48,56.91,596146,547888,"O","A",7,2018-04-05,"gid_2018_04_23_minmlb_nyamlb_1","Kepler","Max",68091,"KEPLER-RO19930210A",NA,"Max Kepler","2018"
"73","Flyout",161.70218562438,94.4189558287212,596146,434378,"O","A",4,2019-03-28,"gid_2019_04_24_minmlb_houmlb_1","Kepler","Max",68091,"KEPLER-RO19930210A",NA,"Max Kepler","2019"
"74","Flyout",167.34,70.4,592696,502190,"O","H",4,2018-04-05,"gid_2018_04_07_seamlb_minmlb_1","Rosario","Eddie",67098,"ROSARIO19910928A",NA,"Eddie Rosario","2018"
"75","Flyout",169.329822839886,78.5977563109522,592696,533167,"O","H",5,2019-03-28,"gid_2019_04_15_tormlb_minmlb_1","Rosario","Eddie",67098,"ROSARIO19910928A",NA,"Eddie Rosario","2019"
"76","Flyout",170.33,82.12,596146,571735,"O","A",9,2018-04-05,"gid_2018_04_23_minmlb_nyamlb_1","Kepler","Max",68091,"KEPLER-RO19930210A",NA,"Max Kepler","2018"
"77","Flyout",171.129290696288,72.9714892494111,592696,545333,"O","H",2,2019-03-28,"gid_2019_03_30_clemlb_minmlb_1","Rosario","Eddie",67098,"ROSARIO19910928A",NA,"Eddie Rosario","2019"
"78","Flyout",172.673878629858,76.0072864305935,592696,502748,"O","A",3,2019-03-28,"gid_2019_04_22_minmlb_houmlb_1","Rosario","Eddie",67098,"ROSARIO19910928A",NA,"Eddie Rosario","2019"
"79","Flyout",177.202380952381,126.75,592696,605388,"O","A",8,2019-03-28,"gid_2019_04_07_minmlb_phimlb_1","Rosario","Eddie",67098,"ROSARIO19910928A",NA,"Eddie Rosario","2019"
"80","Flyout",177.884088645418,109.043823409365,592696,605541,"O","A",6,2019-03-28,"gid_2019_04_19_minmlb_balmlb_1","Rosario","Eddie",67098,"ROSARIO19910928A",NA,"Eddie Rosario","2019"
"81","Flyout",177.884088645418,109.043823409365,592696,605541,"O","A",6,2019-03-28,"gid_2019_04_20_minmlb_balmlb_2","Rosario","Eddie",67098,"ROSARIO19910928A",NA,"Eddie Rosario","2019"
"82","Flyout",180.15,71.44,596146,467100,"O","A",4,2018-04-05,"gid_2018_04_04_minmlb_pitmlb_1","Kepler","Max",68091,"KEPLER-RO19930210A",NA,"Max Kepler","2018"
"83","Flyout",180.85,102.34,592696,641482,"O","A",7,2018-04-05,"gid_2018_03_31_minmlb_balmlb_1","Rosario","Eddie",67098,"ROSARIO19910928A",NA,"Eddie Rosario","2018"
"84","Flyout",181.32,33.94,592696,605164,"O","A",2,2018-04-05,"gid_2018_03_29_minmlb_balmlb_1","Rosario","Eddie",67098,"ROSARIO19910928A",NA,"Eddie Rosario","2018"
"85","Flyout",181.82,75.44,592696,594992,"O","H",4,2018-04-05,"gid_2018_04_27_cinmlb_minmlb_1","Rosario","Eddie",67098,"ROSARIO19910928A",NA,"Eddie Rosario","2018"
"86","Flyout",187.600759345794,105.654205607477,596146,446372,"O","H",1,2019-03-28,"gid_2019_03_28_clemlb_minmlb_1","Kepler","Max",68091,"KEPLER-RO19930210A",NA,"Max Kepler","2019"
"87","Flyout",188.29,108.06,592696,630023,"O","A",1,2018-04-05,"gid_2018_04_22_minmlb_tbamlb_1","Rosario","Eddie",67098,"ROSARIO19910928A",NA,"Eddie Rosario","2018"
"88","Flyout",191.822403789006,67.2089162445867,596146,502748,"O","A",2,2019-03-28,"gid_2019_04_22_minmlb_houmlb_1","Kepler","Max",68091,"KEPLER-RO19930210A",NA,"Max Kepler","2019"
"89","Flyout",193.281189340496,98.284946951887,596146,450306,"O","A",9,2019-03-28,"gid_2019_04_09_minmlb_nynmlb_1","Kepler","Max",68091,"KEPLER-RO19930210A",NA,"Max Kepler","2019"
"90","Flyout",194.910239392891,89.6118622051613,596146,519455,"O","H",2,2019-03-28,"gid_2019_04_14_detmlb_minmlb_1","Kepler","Max",68091,"KEPLER-RO19930210A",NA,"Max Kepler","2019"
"91","Flyout",200.57,90.18,596146,453562,"O","A",7,2019-03-28,"gid_2019_04_06_minmlb_phimlb_1","Kepler","Max",68091,"KEPLER-RO19930210A",NA,"Max Kepler","2019"
"92","Forceout",145.100759345794,174.766355140187,592696,502171,"O","H",3,2019-03-28,"gid_2019_04_26_balmlb_minmlb_1","Rosario","Eddie",67098,"ROSARIO19910928A",NA,"Eddie Rosario","2019"
"93","Grounded Into DP",116.5,149.35,592696,457915,"O","H",7,2019-03-28,"gid_2019_04_17_tormlb_minmlb_1","Rosario","Eddie",67098,"ROSARIO19910928A",NA,"Eddie Rosario","2019"
"94","Grounded Into DP",143.114778037383,146.96261682243,596146,596057,"O","H",4,2019-03-28,"gid_2019_04_14_detmlb_minmlb_1","Kepler","Max",68091,"KEPLER-RO19930210A",NA,"Max Kepler","2019"
"95","Grounded Into DP",145.895151869159,154.906542056075,596146,592717,"O","H",3,2019-03-28,"gid_2019_04_16_tormlb_minmlb_1","Kepler","Max",68091,"KEPLER-RO19930210A",NA,"Max Kepler","2019"
"96","Grounded Into DP",149.07,170.79,592696,663423,"O","H",1,2019-03-28,"gid_2019_04_17_tormlb_minmlb_1","Rosario","Eddie",67098,"ROSARIO19910928A",NA,"Eddie Rosario","2019"
"97","Grounded Into DP",153.441880841122,163.644859813084,592696,519096,"O","H",6,2019-03-28,"gid_2019_03_31_clemlb_minmlb_1","Rosario","Eddie",67098,"ROSARIO19910928A",NA,"Eddie Rosario","2019"
"98","Grounded Into DP",156.22,170,592696,434378,"O","H",1,2019-03-28,"gid_2019_04_29_houmlb_minmlb_1","Rosario","Eddie",67098,"ROSARIO19910928A",NA,"Eddie Rosario","2019"
"99","Groundout",99.9,153.4,592696,434378,"O","H",4,2018-04-05,"gid_2018_04_09_houmlb_minmlb_1","Rosario","Eddie",67098,"ROSARIO19910928A",NA,"Eddie Rosario","2018"
"100","Groundout",105.37,149.42,596146,621121,"O","H",1,2018-04-05,"gid_2018_04_11_houmlb_minmlb_1","Kepler","Max",68091,"KEPLER-RO19930210A",NA,"Max Kepler","2018"
"101","Groundout",106.061905152962,152.191310095571,592696,607625,"O","A",5,2019-03-28,"gid_2019_04_09_minmlb_nynmlb_1","Rosario","Eddie",67098,"ROSARIO19910928A",NA,"Eddie Rosario","2019"
"102","Groundout",108.76,155.7,596146,471911,"O","H",7,2018-04-05,"gid_2018_04_18_clemlb_minmlb_1","Kepler","Max",68091,"KEPLER-RO19930210A",NA,"Max Kepler","2018"
"103","Groundout",111.848232071713,151.713146118529,592696,489119,"O","A",6,2019-03-28,"gid_2019_04_23_minmlb_houmlb_1","Rosario","Eddie",67098,"ROSARIO19910928A",NA,"Eddie Rosario","2019"
"104","Groundout",114.72619047619,143.511904761905,596146,453562,"O","A",1,2019-03-28,"gid_2019_04_06_minmlb_phimlb_1","Kepler","Max",68091,"KEPLER-RO19930210A",NA,"Max Kepler","2019"
"105","Groundout",114.9,179.65,596146,542947,"O","A",11,2018-04-05,"gid_2018_03_29_minmlb_balmlb_1","Kepler","Max",68091,"KEPLER-RO19930210A",NA,"Max Kepler","2018"
"106","Groundout",122.7,148.7,592696,606965,"O","H",8,2018-04-05,"gid_2018_04_09_houmlb_minmlb_1","Rosario","Eddie",67098,"ROSARIO19910928A",NA,"Eddie Rosario","2018"
"107","Groundout",125.110566985583,183.331702119395,596146,434378,"O","A",6,2019-03-28,"gid_2019_04_24_minmlb_houmlb_1","Kepler","Max",68091,"KEPLER-RO19930210A",NA,"Max Kepler","2019"
"108","Groundout",126.82,198.33,596146,593334,"O","A",6,2018-04-05,"gid_2018_04_26_minmlb_nyamlb_1","Kepler","Max",68091,"KEPLER-RO19930210A",NA,"Max Kepler","2018"
"109","Groundout",129.119148406375,184.223106277891,592696,641745,"O","A",1,2019-03-28,"gid_2019_04_02_minmlb_kcamlb_1","Rosario","Eddie",67098,"ROSARIO19910928A",NA,"Eddie Rosario","2019"
"110","Groundout",131.35,184.98,596146,446372,"O","H",4,2018-04-05,"gid_2018_04_17_clemlb_minmlb_1","Kepler","Max",68091,"KEPLER-RO19930210A",NA,"Max Kepler","2018"
"111","Groundout",135.05,187.58,592696,467100,"O","A",6,2018-04-05,"gid_2018_04_04_minmlb_pitmlb_1","Rosario","Eddie",67098,"ROSARIO19910928A",NA,"Eddie Rosario","2018"
"112","Groundout",135.59,147.43,592696,502042,"O","A",4,2018-04-05,"gid_2018_04_20_minmlb_tbamlb_1","Rosario","Eddie",67098,"ROSARIO19910928A",NA,"Eddie Rosario","2018"
"113","Groundout",136.26,143.36,596146,608337,"O","H",2,2018-04-05,"gid_2018_04_12_chamlb_minmlb_1","Kepler","Max",68091,"KEPLER-RO19930210A",NA,"Max Kepler","2018"
"114","Groundout",137.59,143.95,592696,592789,"O","A",2,2019-03-28,"gid_2019_04_10_minmlb_nynmlb_1","Rosario","Eddie",67098,"ROSARIO19910928A",NA,"Eddie Rosario","2019"
"115","Groundout",138.75,149.35,596146,592791,"O","A",5,2018-04-05,"gid_2018_04_02_minmlb_pitmlb_1","Kepler","Max",68091,"KEPLER-RO19930210A",NA,"Max Kepler","2018"
"116","Groundout",138.77,149.68,596146,542960,"O","A",8,2018-04-05,"gid_2018_04_01_minmlb_balmlb_1","Kepler","Max",68091,"KEPLER-RO19930210A",NA,"Max Kepler","2018"
"117","Groundout",139.15,181.26,596146,607219,"O","H",2,2018-04-05,"gid_2018_04_28_cinmlb_minmlb_1","Kepler","Max",68091,"KEPLER-RO19930210A",NA,"Max Kepler","2018"
"118","Groundout",139.540011682243,154.11214953271,592696,453329,"O","H",3,2019-03-28,"gid_2019_04_18_tormlb_minmlb_1","Rosario","Eddie",67098,"ROSARIO19910928A",NA,"Eddie Rosario","2019"
"119","Groundout",139.83,148.64,596146,630023,"O","A",2,2018-04-05,"gid_2018_04_22_minmlb_tbamlb_1","Kepler","Max",68091,"KEPLER-RO19930210A",NA,"Max Kepler","2018"
"120","Groundout",140.29,144.09,592696,571710,"O","A",9,2019-03-28,"gid_2019_04_21_minmlb_balmlb_1","Rosario","Eddie",67098,"ROSARIO19910928A",NA,"Eddie Rosario","2019"
"121","Groundout",141.92,175.56,596146,663423,"O","H",2,2019-03-28,"gid_2019_04_17_tormlb_minmlb_1","Kepler","Max",68091,"KEPLER-RO19930210A",NA,"Max Kepler","2019"
"122","Groundout",142.51,157.81,592696,547888,"O","A",1,2018-04-05,"gid_2018_04_23_minmlb_nyamlb_1","Rosario","Eddie",67098,"ROSARIO19910928A",NA,"Eddie Rosario","2018"
"123","Groundout",142.93,149.77,596146,641816,"O","H",7,2018-04-05,"gid_2018_04_29_cinmlb_minmlb_1","Kepler","Max",68091,"KEPLER-RO19930210A",NA,"Max Kepler","2018"
"124","Groundout",143.138840063737,160.472557528859,592696,446372,"O","H",5,2019-03-28,"gid_2019_03_28_clemlb_minmlb_1","Rosario","Eddie",67098,"ROSARIO19910928A",NA,"Eddie Rosario","2019"
"125","Groundout",144.74,168.8,592696,467100,"O","A",3,2018-04-05,"gid_2018_04_04_minmlb_pitmlb_1","Rosario","Eddie",67098,"ROSARIO19910928A",NA,"Eddie Rosario","2018"
"126","Groundout",144.87,153.75,596146,606478,"O","A",8,2018-04-05,"gid_2018_03_31_minmlb_balmlb_1","Kepler","Max",68091,"KEPLER-RO19930210A",NA,"Max Kepler","2018"
"127","Groundout",145.299357476636,167.616822429907,592696,543037,"O","H",7,2019-03-28,"gid_2019_04_30_houmlb_minmlb_1","Rosario","Eddie",67098,"ROSARIO19910928A",NA,"Eddie Rosario","2019"
"128","Groundout",146.54,150.98,592696,434378,"O","H",1,2018-04-05,"gid_2018_04_09_houmlb_minmlb_1","Rosario","Eddie",67098,"ROSARIO19910928A",NA,"Eddie Rosario","2018"
"129","Groundout",146.689544392523,150.140186915888,592696,592717,"O","H",1,2019-03-28,"gid_2019_04_16_tormlb_minmlb_1","Rosario","Eddie",67098,"ROSARIO19910928A",NA,"Eddie Rosario","2019"
"130","Groundout",146.76,156.08,592696,642397,"O","H",2,2019-03-28,"gid_2019_04_12_detmlb_minmlb_1","Rosario","Eddie",67098,"ROSARIO19910928A",NA,"Eddie Rosario","2019"
"131","Groundout",147.086740654206,158.878504672897,596146,475115,"O","H",5,2019-03-28,"gid_2019_04_13_detmlb_minmlb_1","Kepler","Max",68091,"KEPLER-RO19930210A",NA,"Max Kepler","2019"
"132","Groundout",147.1,168.02,592696,453192,"O","H",8,2018-04-05,"gid_2018_04_17_clemlb_minmlb_1","Rosario","Eddie",67098,"ROSARIO19910928A",NA,"Eddie Rosario","2018"
"133","Groundout",147.26,150.07,596146,641816,"O","H",4,2018-04-05,"gid_2018_04_29_cinmlb_minmlb_1","Kepler","Max",68091,"KEPLER-RO19930210A",NA,"Max Kepler","2018"
"134","Groundout",147.41,151.21,596146,656756,"O","A",2,2018-04-05,"gid_2018_04_26_minmlb_nyamlb_1","Kepler","Max",68091,"KEPLER-RO19930210A",NA,"Max Kepler","2018"
"135","Groundout",148.42,160.35,592696,544727,"O","A",8,2019-03-28,"gid_2019_04_10_minmlb_nynmlb_1","Rosario","Eddie",67098,"ROSARIO19910928A",NA,"Eddie Rosario","2019"
"136","Groundout",148.92,151.67,592696,621237,"O","A",7,2018-04-05,"gid_2018_04_22_minmlb_tbamlb_1","Rosario","Eddie",67098,"ROSARIO19910928A",NA,"Eddie Rosario","2018"
"137","Groundout",148.929905378486,150.189241736059,592696,502748,"O","A",5,2019-03-28,"gid_2019_04_22_minmlb_houmlb_1","Rosario","Eddie",67098,"ROSARIO19910928A",NA,"Eddie Rosario","2019"
"138","Groundout",149.437873505976,167.46015807072,596146,502748,"O","A",4,2019-03-28,"gid_2019_04_22_minmlb_houmlb_1","Kepler","Max",68091,"KEPLER-RO19930210A",NA,"Max Kepler","2019"
"139","Groundout",150.453809760956,153.745018628489,596146,489119,"O","A",5,2019-03-28,"gid_2019_04_23_minmlb_houmlb_1","Kepler","Max",68091,"KEPLER-RO19930210A",NA,"Max Kepler","2019"
"140","Groundout",150.8,153.66,592696,608337,"O","H",3,2018-04-05,"gid_2018_04_12_chamlb_minmlb_1","Rosario","Eddie",67098,"ROSARIO19910928A",NA,"Eddie Rosario","2018"
"141","Groundout",150.961777888446,167.46015807072,592696,502171,"O","A",1,2019-03-28,"gid_2019_04_19_minmlb_balmlb_1","Rosario","Eddie",67098,"ROSARIO19910928A",NA,"Eddie Rosario","2019"
"142","Groundout",150.961777888446,167.46015807072,592696,502171,"O","A",1,2019-03-28,"gid_2019_04_20_minmlb_balmlb_2","Rosario","Eddie",67098,"ROSARIO19910928A",NA,"Eddie Rosario","2019"
"143","Groundout",151.45589953271,169.205607476636,592696,605164,"O","H",1,2019-03-28,"gid_2019_04_28_balmlb_minmlb_1","Rosario","Eddie",67098,"ROSARIO19910928A",NA,"Eddie Rosario","2019"
"144","Groundout",151.47,149.17,596146,593334,"O","A",8,2018-04-05,"gid_2018_04_26_minmlb_nyamlb_1","Kepler","Max",68091,"KEPLER-RO19930210A",NA,"Max Kepler","2018"
"145","Groundout",151.805555555556,154.686507936508,596146,601713,"O","A",4,2019-03-28,"gid_2019_04_05_minmlb_phimlb_1","Kepler","Max",68091,"KEPLER-RO19930210A",NA,"Max Kepler","2019"
"146","Groundout",152.016184145129,171.351888667992,592696,601713,"O","A",3,2019-03-28,"gid_2019_04_05_minmlb_phimlb_1","Rosario","Eddie",67098,"ROSARIO19910928A",NA,"Eddie Rosario","2019"
"147","Groundout",152.485682270916,169.99999870817,596146,434378,"O","A",8,2019-03-28,"gid_2019_04_24_minmlb_houmlb_1","Kepler","Max",68091,"KEPLER-RO19930210A",NA,"Max Kepler","2019"
"148","Groundout",152.647488317757,144.579439252336,596146,424144,"O","H",8,2019-03-28,"gid_2019_03_28_clemlb_minmlb_1","Kepler","Max",68091,"KEPLER-RO19930210A",NA,"Max Kepler","2019"
"149","Groundout",153.2,160.07,596146,606965,"O","H",9,2018-04-05,"gid_2018_04_09_houmlb_minmlb_1","Kepler","Max",68091,"KEPLER-RO19930210A",NA,"Max Kepler","2018"
"150","Groundout",153.501618525896,155.776891138449,592696,657624,"O","A",6,2019-03-28,"gid_2019_04_22_minmlb_houmlb_1","Rosario","Eddie",67098,"ROSARIO19910928A",NA,"Eddie Rosario","2019"
"151","Groundout",153.83,165.17,592696,621121,"O","H",3,2018-04-05,"gid_2018_04_11_houmlb_minmlb_1","Rosario","Eddie",67098,"ROSARIO19910928A",NA,"Eddie Rosario","2018"
"152","Groundout",153.839077102804,158.878504672897,592696,607352,"O","H",8,2019-03-28,"gid_2019_04_16_tormlb_minmlb_1","Rosario","Eddie",67098,"ROSARIO19910928A",NA,"Eddie Rosario","2019"
"153","Groundout",153.84,165.52,596146,593974,"O","H",8,2018-04-05,"gid_2018_04_29_cinmlb_minmlb_1","Kepler","Max",68091,"KEPLER-RO19930210A",NA,"Max Kepler","2018"
"154","Groundout",154.03,163.35,596146,598286,"O","H",5,2019-03-28,"gid_2019_04_12_detmlb_minmlb_1","Kepler","Max",68091,"KEPLER-RO19930210A",NA,"Max Kepler","2019"
"155","Groundout",154.04,166.28,596146,622491,"O","H",1,2018-04-05,"gid_2018_04_27_cinmlb_minmlb_1","Kepler","Max",68091,"KEPLER-RO19930210A",NA,"Max Kepler","2018"
"156","Groundout",154.44,149.16,596146,592717,"O","H",2,2018-04-05,"gid_2018_04_30_tormlb_minmlb_1","Kepler","Max",68091,"KEPLER-RO19930210A",NA,"Max Kepler","2018"
"157","Groundout",154.517554780877,152.221114246019,592696,641745,"O","A",5,2019-03-28,"gid_2019_04_02_minmlb_kcamlb_1","Rosario","Eddie",67098,"ROSARIO19910928A",NA,"Eddie Rosario","2019"
"158","Groundout",154.98,168.02,596146,502042,"O","A",2,2018-04-05,"gid_2018_04_20_minmlb_tbamlb_1","Kepler","Max",68091,"KEPLER-RO19930210A",NA,"Max Kepler","2018"
"159","Groundout",155.427862149533,164.439252336449,592696,593679,"O","H",5,2019-03-28,"gid_2019_04_26_balmlb_minmlb_1","Rosario","Eddie",67098,"ROSARIO19910928A",NA,"Eddie Rosario","2019"
"160","Groundout",155.64,171.22,592696,608337,"O","H",1,2018-04-05,"gid_2018_04_12_chamlb_minmlb_1","Rosario","Eddie",67098,"ROSARIO19910928A",NA,"Eddie Rosario","2018"
"161","Groundout",155.825058411215,162.056074766355,596146,475115,"O","H",1,2019-03-28,"gid_2019_04_13_detmlb_minmlb_1","Kepler","Max",68091,"KEPLER-RO19930210A",NA,"Max Kepler","2019"
"162","Groundout",156.619450934579,155.700934579439,596146,622505,"O","H",8,2019-03-28,"gid_2019_04_14_detmlb_minmlb_1","Kepler","Max",68091,"KEPLER-RO19930210A",NA,"Max Kepler","2019"
"163","Groundout",156.619450934579,158.084112149533,592696,545333,"O","H",4,2019-03-28,"gid_2019_03_30_clemlb_minmlb_1","Rosario","Eddie",67098,"ROSARIO19910928A",NA,"Eddie Rosario","2019"
"164","Groundout",157.06,150.19,592696,605164,"O","A",5,2019-03-28,"gid_2019_04_21_minmlb_balmlb_1","Rosario","Eddie",67098,"ROSARIO19910928A",NA,"Eddie Rosario","2019"
"165","Groundout",157.06,167.97,596146,456701,"O","A",1,2019-03-28,"gid_2019_04_03_minmlb_kcamlb_1","Kepler","Max",68091,"KEPLER-RO19930210A",NA,"Max Kepler","2019"
"166","Groundout",157.4,166.81,592696,502042,"O","A",2,2018-04-05,"gid_2018_04_20_minmlb_tbamlb_1","Rosario","Eddie",67098,"ROSARIO19910928A",NA,"Eddie Rosario","2018"
"167","Groundout",157.811039719626,168.411214953271,596146,502171,"O","H",1,2019-03-28,"gid_2019_04_26_balmlb_minmlb_1","Kepler","Max",68091,"KEPLER-RO19930210A",NA,"Max Kepler","2019"
"168","Groundout",157.811039719626,171.588785046729,596146,641835,"O","H",7,2019-03-28,"gid_2019_04_18_tormlb_minmlb_1","Kepler","Max",68091,"KEPLER-RO19930210A",NA,"Max Kepler","2019"
"169","Groundout",158.208235981308,169.205607476636,592696,475115,"O","H",2,2019-03-28,"gid_2019_04_13_detmlb_minmlb_1","Rosario","Eddie",67098,"ROSARIO19910928A",NA,"Eddie Rosario","2019"
"170","Groundout",158.484373587938,145.980940672539,592696,621107,"O","A",3,2019-03-28,"gid_2019_04_07_minmlb_phimlb_1","Rosario","Eddie",67098,"ROSARIO19910928A",NA,"Eddie Rosario","2019"
"171","Groundout",158.58,151.21,592696,543243,"O","A",1,2018-04-05,"gid_2018_04_25_minmlb_nyamlb_1","Rosario","Eddie",67098,"ROSARIO19910928A",NA,"Eddie Rosario","2018"
"172","Groundout",158.581299800797,165.93625368825,592696,532077,"O","A",9,2019-03-28,"gid_2019_04_22_minmlb_houmlb_1","Rosario","Eddie",67098,"ROSARIO19910928A",NA,"Eddie Rosario","2019"
"173","Groundout",159.04,165.79,596146,434378,"O","H",3,2019-03-28,"gid_2019_04_29_houmlb_minmlb_1","Kepler","Max",68091,"KEPLER-RO19930210A",NA,"Max Kepler","2019"
"174","Groundout",159.09,152.22,592696,282332,"O","A",1,2018-04-05,"gid_2018_04_24_minmlb_nyamlb_1","Rosario","Eddie",67098,"ROSARIO19910928A",NA,"Eddie Rosario","2018"
"175","Groundout",159.14,164.91,596146,571670,"O","H",8,2018-04-05,"gid_2018_04_28_cinmlb_minmlb_1","Kepler","Max",68091,"KEPLER-RO19930210A",NA,"Max Kepler","2018"
"176","Groundout",159.6,155.78,596146,606478,"O","A",5,2018-04-05,"gid_2018_04_01_minmlb_balmlb_1","Kepler","Max",68091,"KEPLER-RO19930210A",NA,"Max Kepler","2018"
"177","Groundout",159.797021028037,168.411214953271,596146,446372,"O","H",4,2019-03-28,"gid_2019_03_28_clemlb_minmlb_1","Kepler","Max",68091,"KEPLER-RO19930210A",NA,"Max Kepler","2019"
"178","Groundout",160.988609813084,151.728971962617,592696,593679,"O","H",7,2019-03-28,"gid_2019_04_26_balmlb_minmlb_1","Rosario","Eddie",67098,"ROSARIO19910928A",NA,"Eddie Rosario","2019"
"179","Groundout",160.99,171.59,596146,664285,"O","H",8,2019-03-28,"gid_2019_04_29_houmlb_minmlb_1","Kepler","Max",68091,"KEPLER-RO19930210A",NA,"Max Kepler","2019"
"180","Groundout",161.12,131.39,592696,592741,"O","A",8,2018-04-05,"gid_2018_04_24_minmlb_nyamlb_1","Rosario","Eddie",67098,"ROSARIO19910928A",NA,"Eddie Rosario","2018"
"181","Groundout",161.58,150.12,592696,471911,"O","H",6,2018-04-05,"gid_2018_04_18_clemlb_minmlb_1","Rosario","Eddie",67098,"ROSARIO19910928A",NA,"Eddie Rosario","2018"
"182","Groundout",162.65,150.19,596146,282332,"O","A",3,2018-04-05,"gid_2018_04_24_minmlb_nyamlb_1","Kepler","Max",68091,"KEPLER-RO19930210A",NA,"Max Kepler","2018"
"183","Groundout",170.12,140.16,592696,502042,"O","A",7,2018-04-05,"gid_2018_04_20_minmlb_tbamlb_1","Rosario","Eddie",67098,"ROSARIO19910928A",NA,"Eddie Rosario","2018"
"184","Groundout",176.87,152.22,592696,605164,"O","A",6,2018-04-05,"gid_2018_03_29_minmlb_balmlb_1","Rosario","Eddie",67098,"ROSARIO19910928A",NA,"Eddie Rosario","2018"
"185","Home Run",35.1108977809636,87.5221957473525,592696,489119,"H","A",1,2019-03-28,"gid_2019_04_23_minmlb_houmlb_1","Rosario","Eddie",67098,"ROSARIO19910928A",NA,"Eddie Rosario","2019"
"186","Home Run",121.39925562025,25.0461580026165,592696,502171,"H","H",1,2019-03-28,"gid_2019_04_26_balmlb_minmlb_1","Rosario","Eddie",67098,"ROSARIO19910928A",NA,"Eddie Rosario","2019"
"187","Home Run",129.553454042916,30.6875254518948,592696,502171,"H","A",3,2019-03-28,"gid_2019_04_19_minmlb_balmlb_1","Rosario","Eddie",67098,"ROSARIO19910928A",NA,"Eddie Rosario","2019"
"188","Home Run",129.553454042916,30.6875254518948,592696,502171,"H","A",3,2019-03-28,"gid_2019_04_20_minmlb_balmlb_2","Rosario","Eddie",67098,"ROSARIO19910928A",NA,"Eddie Rosario","2019"
"189","Home Run",173.919148132401,32.8853332923723,596146,621107,"H","A",1,2019-03-28,"gid_2019_04_07_minmlb_phimlb_1","Kepler","Max",68091,"KEPLER-RO19930210A",NA,"Max Kepler","2019"
"190","Home Run",176.088553258656,38.7836576296713,596146,605164,"H","H",1,2019-03-28,"gid_2019_04_28_balmlb_minmlb_1","Kepler","Max",68091,"KEPLER-RO19930210A",NA,"Max Kepler","2019"
"191","Home Run",183.258823605538,51.9773771085798,592696,594798,"H","A",3,2019-03-28,"gid_2019_04_09_minmlb_nynmlb_1","Rosario","Eddie",67098,"ROSARIO19910928A",NA,"Eddie Rosario","2019"
"192","Home Run",184.178792522227,43.083917805134,592696,596057,"H","H",7,2019-03-28,"gid_2019_04_14_detmlb_minmlb_1","Rosario","Eddie",67098,"ROSARIO19910928A",NA,"Eddie Rosario","2019"
"193","Home Run",184.30147774421,29.8714486522401,592696,592717,"H","H",6,2019-03-28,"gid_2019_04_16_tormlb_minmlb_1","Rosario","Eddie",67098,"ROSARIO19910928A",NA,"Eddie Rosario","2019"
"194","Home Run",189.392713494686,37.6804784757879,592696,641835,"H","H",8,2019-03-28,"gid_2019_04_18_tormlb_minmlb_1","Rosario","Eddie",67098,"ROSARIO19910928A",NA,"Eddie Rosario","2019"
"195","Home Run",192.11,44.02,596146,488768,"H","A",4,2018-04-05,"gid_2018_03_31_minmlb_balmlb_1","Kepler","Max",68091,"KEPLER-RO19930210A",NA,"Max Kepler","2018"
"196","Home Run",200.68,65.9,592696,628452,"H","H",9,2018-04-05,"gid_2018_04_27_cinmlb_minmlb_1","Rosario","Eddie",67098,"ROSARIO19910928A",NA,"Eddie Rosario","2018"
"197","Home Run",201.47,34.68,596146,453562,"H","A",3,2019-03-28,"gid_2019_04_06_minmlb_phimlb_1","Kepler","Max",68091,"KEPLER-RO19930210A",NA,"Max Kepler","2019"
"198","Home Run",202.026445637141,31.063852794524,596146,642231,"H","H",8,2019-03-28,"gid_2019_04_27_balmlb_minmlb_1","Kepler","Max",68091,"KEPLER-RO19930210A",NA,"Max Kepler","2019"
"199","Home Run",207.196081649868,41.97758829916,592696,573185,"H","A",2,2019-03-28,"gid_2019_04_20_minmlb_balmlb_1","Rosario","Eddie",67098,"ROSARIO19910928A",NA,"Eddie Rosario","2019"
"200","Home Run",210.07,64.56,592696,489265,"H","A",8,2018-04-05,"gid_2018_04_20_minmlb_tbamlb_1","Rosario","Eddie",67098,"ROSARIO19910928A",NA,"Eddie Rosario","2018"
"201","Home Run",210.823341202783,69.9602385685885,596146,601713,"H","A",3,2019-03-28,"gid_2019_04_05_minmlb_phimlb_1","Kepler","Max",68091,"KEPLER-RO19930210A",NA,"Max Kepler","2019"
"202","Home Run",212.82,73.88,592696,543883,"H","H",8,2018-04-05,"gid_2018_04_05_seamlb_minmlb_1","Rosario","Eddie",67098,"ROSARIO19910928A",NA,"Eddie Rosario","2018"
"203","Home Run",213.323942615577,65.7974757963848,596146,656945,"H","H",7,2019-03-28,"gid_2019_04_27_balmlb_minmlb_1","Kepler","Max",68091,"KEPLER-RO19930210A",NA,"Max Kepler","2019"
"204","Home Run",220.673462239733,68.0372866649882,592696,453329,"H","H",2,2019-03-28,"gid_2019_04_18_tormlb_minmlb_1","Rosario","Eddie",67098,"ROSARIO19910928A",NA,"Eddie Rosario","2019"
"205","Home Run",232.63,72.05,596146,502748,"H","H",9,2018-04-05,"gid_2018_04_11_houmlb_minmlb_1","Kepler","Max",68091,"KEPLER-RO19930210A",NA,"Max Kepler","2018"
"206","Home Run",236.74,83.45,596146,642232,"H","A",9,2018-04-05,"gid_2018_04_20_minmlb_tbamlb_1","Kepler","Max",68091,"KEPLER-RO19930210A",NA,"Max Kepler","2018"
"207","Home Run",238.93,83.88,596146,621121,"H","H",4,2018-04-05,"gid_2018_04_11_houmlb_minmlb_1","Kepler","Max",68091,"KEPLER-RO19930210A",NA,"Max Kepler","2018"
"208","Home Run",242.656934043221,94.4358701024314,592696,573185,"H","A",5,2019-03-28,"gid_2019_04_20_minmlb_balmlb_1","Rosario","Eddie",67098,"ROSARIO19910928A",NA,"Eddie Rosario","2019"
"209","Home Run",243.05,84.94,592696,622554,"H","A",9,2019-03-28,"gid_2019_04_06_minmlb_phimlb_1","Rosario","Eddie",67098,"ROSARIO19910928A",NA,"Eddie Rosario","2019"
"210","Home Run",243.156370312775,52.8672588322807,596146,502171,"H","H",4,2019-03-28,"gid_2019_04_26_balmlb_minmlb_1","Kepler","Max",68091,"KEPLER-RO19930210A",NA,"Max Kepler","2019"
"211","Lineout",44.01,94.69,592696,641816,"O","H",4,2018-04-05,"gid_2018_04_29_cinmlb_minmlb_1","Rosario","Eddie",67098,"ROSARIO19910928A",NA,"Eddie Rosario","2018"
"212","Lineout",46.82,83.93,592696,592717,"O","H",1,2018-04-05,"gid_2018_04_30_tormlb_minmlb_1","Rosario","Eddie",67098,"ROSARIO19910928A",NA,"Eddie Rosario","2018"
"213","Lineout",61.27,69.97,596146,467100,"O","A",2,2018-04-05,"gid_2018_04_04_minmlb_pitmlb_1","Kepler","Max",68091,"KEPLER-RO19930210A",NA,"Max Kepler","2018"
"214","Lineout",62.5,90.93,592696,592717,"O","H",3,2018-04-05,"gid_2018_04_30_tormlb_minmlb_1","Rosario","Eddie",67098,"ROSARIO19910928A",NA,"Eddie Rosario","2018"
"215","Lineout",72.69,92.86,596146,572020,"O","H",4,2018-04-05,"gid_2018_04_05_seamlb_minmlb_1","Kepler","Max",68091,"KEPLER-RO19930210A",NA,"Max Kepler","2018"
"216","Lineout",76.9780003355069,86.5958606952612,596146,453329,"O","H",1,2019-03-28,"gid_2019_04_18_tormlb_minmlb_1","Kepler","Max",68091,"KEPLER-RO19930210A",NA,"Max Kepler","2019"
"217","Lineout",90.46,47.89,596146,592717,"O","H",5,2018-04-05,"gid_2018_04_30_tormlb_minmlb_1","Kepler","Max",68091,"KEPLER-RO19930210A",NA,"Max Kepler","2018"
"218","Lineout",98.6539070695877,74.4540755394532,596146,643316,"O","H",5,2019-03-28,"gid_2019_04_27_balmlb_minmlb_1","Kepler","Max",68091,"KEPLER-RO19930210A",NA,"Max Kepler","2019"
"219","Lineout",108.85,166.05,592696,663423,"O","H",5,2019-03-28,"gid_2019_04_17_tormlb_minmlb_1","Rosario","Eddie",67098,"ROSARIO19910928A",NA,"Eddie Rosario","2019"
"220","Lineout",116.10894484949,48.476042747819,596146,502171,"O","H",2,2019-03-28,"gid_2019_04_26_balmlb_minmlb_1","Kepler","Max",68091,"KEPLER-RO19930210A",NA,"Max Kepler","2019"
"221","Lineout",125.69,58.08,596146,608337,"O","H",6,2018-04-05,"gid_2018_04_12_chamlb_minmlb_1","Kepler","Max",68091,"KEPLER-RO19930210A",NA,"Max Kepler","2018"
"222","Lineout",126.070884953691,64.1475881420146,596146,601713,"O","A",1,2019-03-28,"gid_2019_04_05_minmlb_phimlb_1","Kepler","Max",68091,"KEPLER-RO19930210A",NA,"Max Kepler","2019"
"223","Lineout",136.845658727718,33.6646687790201,592696,573185,"O","H",2,2019-03-28,"gid_2019_04_27_balmlb_minmlb_1","Rosario","Eddie",67098,"ROSARIO19910928A",NA,"Eddie Rosario","2019"
"224","Lineout",136.98,40.31,596146,543243,"O","A",5,2018-04-05,"gid_2018_04_25_minmlb_nyamlb_1","Kepler","Max",68091,"KEPLER-RO19930210A",NA,"Max Kepler","2018"
"225","Lineout",143.3,78.67,592696,623465,"O","A",7,2019-03-28,"gid_2019_04_21_minmlb_balmlb_1","Rosario","Eddie",67098,"ROSARIO19910928A",NA,"Eddie Rosario","2019"
"226","Lineout",145.89,151.67,592696,446372,"O","H",6,2018-04-05,"gid_2018_04_17_clemlb_minmlb_1","Rosario","Eddie",67098,"ROSARIO19910928A",NA,"Eddie Rosario","2018"
"227","Lineout",147.3,144.86,596146,594992,"O","H",3,2018-04-05,"gid_2018_04_27_cinmlb_minmlb_1","Kepler","Max",68091,"KEPLER-RO19930210A",NA,"Max Kepler","2018"
"228","Lineout",157.06,167.46,596146,592789,"O","A",6,2019-03-28,"gid_2019_04_10_minmlb_nynmlb_1","Kepler","Max",68091,"KEPLER-RO19930210A",NA,"Max Kepler","2019"
"229","Lineout",159.74,163.09,596146,592169,"O","H",6,2018-04-05,"gid_2018_04_28_cinmlb_minmlb_1","Kepler","Max",68091,"KEPLER-RO19930210A",NA,"Max Kepler","2018"
"230","Lineout",170.96,76.77,592696,543243,"O","A",3,2018-04-05,"gid_2018_04_25_minmlb_nyamlb_1","Rosario","Eddie",67098,"ROSARIO19910928A",NA,"Eddie Rosario","2018"
"231","Lineout",178.6,96.55,596146,446372,"O","H",2,2018-04-05,"gid_2018_04_17_clemlb_minmlb_1","Kepler","Max",68091,"KEPLER-RO19930210A",NA,"Max Kepler","2018"
"232","Lineout",192.26,82.51,592696,607192,"O","A",9,2018-04-05,"gid_2018_04_04_minmlb_pitmlb_1","Rosario","Eddie",67098,"ROSARIO19910928A",NA,"Eddie Rosario","2018"
"233","Lineout",200.956226070476,81.4278084482569,592696,573185,"O","H",4,2019-03-28,"gid_2019_04_27_balmlb_minmlb_1","Rosario","Eddie",67098,"ROSARIO19910928A",NA,"Eddie Rosario","2019"
"234","Lineout",203.78,92.04,596146,501625,"O","A",9,2019-03-28,"gid_2019_04_06_minmlb_phimlb_1","Kepler","Max",68091,"KEPLER-RO19930210A",NA,"Max Kepler","2019"
"235","Pop Out",67.647488317757,160.467289719626,596146,545333,"O","H",1,2019-03-28,"gid_2019_03_30_clemlb_minmlb_1","Kepler","Max",68091,"KEPLER-RO19930210A",NA,"Max Kepler","2019"
"236","Pop Out",67.7608784463771,133.553247944477,596146,657612,"O","A",6,2019-03-28,"gid_2019_04_03_minmlb_kcamlb_1","Kepler","Max",68091,"KEPLER-RO19930210A",NA,"Max Kepler","2019"
"237","Pop Out",68.45,140.45,592696,594992,"O","H",2,2018-04-05,"gid_2018_04_27_cinmlb_minmlb_1","Rosario","Eddie",67098,"ROSARIO19910928A",NA,"Eddie Rosario","2018"
"238","Pop Out",78.7689836448598,171.588785046729,592696,543272,"O","H",8,2019-03-28,"gid_2019_03_28_clemlb_minmlb_1","Rosario","Eddie",67098,"ROSARIO19910928A",NA,"Eddie Rosario","2019"
"239","Pop Out",85.32,178.92,592696,642232,"O","A",6,2018-04-05,"gid_2018_04_22_minmlb_tbamlb_1","Rosario","Eddie",67098,"ROSARIO19910928A",NA,"Eddie Rosario","2018"
"240","Pop Out",92.2736565420561,142.990654205607,592696,471911,"O","H",1,2019-03-28,"gid_2019_03_31_clemlb_minmlb_1","Rosario","Eddie",67098,"ROSARIO19910928A",NA,"Eddie Rosario","2019"
"241","Pop Out",96.57,171.45,596146,471911,"O","H",2,2018-04-05,"gid_2018_04_18_clemlb_minmlb_1","Kepler","Max",68091,"KEPLER-RO19930210A",NA,"Max Kepler","2018"
"242","Pop Out",96.9484126984127,162.305555555556,592696,601713,"O","A",1,2019-03-28,"gid_2019_04_05_minmlb_phimlb_1","Rosario","Eddie",67098,"ROSARIO19910928A",NA,"Eddie Rosario","2019"
"243","Pop Out",98.6410607569721,190.318723807772,596146,518617,"O","A",8,2019-03-28,"gid_2019_04_02_minmlb_kcamlb_1","Kepler","Max",68091,"KEPLER-RO19930210A",NA,"Max Kepler","2019"
"244","Pop Out",101.80636682243,185.88785046729,596146,545333,"O","H",4,2019-03-28,"gid_2019_03_30_clemlb_minmlb_1","Kepler","Max",68091,"KEPLER-RO19930210A",NA,"Max Kepler","2019"
"245","Pop Out",103.72,115.65,596146,282332,"O","A",1,2018-04-05,"gid_2018_04_24_minmlb_nyamlb_1","Kepler","Max",68091,"KEPLER-RO19930210A",NA,"Max Kepler","2018"
"246","Pop Out",103.72,189.81,592696,592332,"O","A",4,2018-04-05,"gid_2018_04_01_minmlb_balmlb_1","Rosario","Eddie",67098,"ROSARIO19910928A",NA,"Eddie Rosario","2018"
"247","Pop Out",103.79,156.5,592696,434378,"O","H",6,2019-03-28,"gid_2019_04_29_houmlb_minmlb_1","Rosario","Eddie",67098,"ROSARIO19910928A",NA,"Eddie Rosario","2019"
"248","Pop Out",105.99,200.65,592696,571901,"O","H",7,2018-04-05,"gid_2018_04_30_tormlb_minmlb_1","Rosario","Eddie",67098,"ROSARIO19910928A",NA,"Eddie Rosario","2018"
"249","Pop Out",108.56,154.91,592696,650828,"O","A",6,2018-04-05,"gid_2018_04_02_minmlb_pitmlb_1","Rosario","Eddie",67098,"ROSARIO19910928A",NA,"Eddie Rosario","2018"
"250","Pop Out",112.84,176.67,596146,598286,"O","H",8,2019-03-28,"gid_2019_04_12_detmlb_minmlb_1","Kepler","Max",68091,"KEPLER-RO19930210A",NA,"Max Kepler","2019"
"251","Pop Out",112.86,219.27,596146,605164,"O","A",5,2018-04-05,"gid_2018_03_29_minmlb_balmlb_1","Kepler","Max",68091,"KEPLER-RO19930210A",NA,"Max Kepler","2018"
"252","Pop Out",115.14724725583,212.760257448026,596146,607229,"O","A",8,2019-03-28,"gid_2019_04_09_minmlb_nynmlb_1","Kepler","Max",68091,"KEPLER-RO19930210A",NA,"Max Kepler","2019"
"253","Pop Out",116.93,168.48,596146,605164,"O","A",7,2018-04-05,"gid_2018_03_29_minmlb_balmlb_1","Kepler","Max",68091,"KEPLER-RO19930210A",NA,"Max Kepler","2018"
"254","Pop Out",117.9,192.78,592696,279571,"O","H",14,2018-04-05,"gid_2018_04_18_clemlb_minmlb_1","Rosario","Eddie",67098,"ROSARIO19910928A",NA,"Eddie Rosario","2018"
"255","Pop Out",121.666179906542,143.785046728972,592696,596057,"O","H",4,2019-03-28,"gid_2019_04_14_detmlb_minmlb_1","Rosario","Eddie",67098,"ROSARIO19910928A",NA,"Eddie Rosario","2019"
"256","Pop Out",131.79,188.27,596146,543883,"O","H",8,2018-04-05,"gid_2018_04_05_seamlb_minmlb_1","Kepler","Max",68091,"KEPLER-RO19930210A",NA,"Max Kepler","2018"
"257","Pop Out",134.706797808765,155.268923010959,592696,434378,"O","A",7,2019-03-28,"gid_2019_04_24_minmlb_houmlb_1","Rosario","Eddie",67098,"ROSARIO19910928A",NA,"Eddie Rosario","2019"
"258","Pop Out",135.68,119.64,592696,471911,"O","H",1,2018-04-05,"gid_2018_04_18_clemlb_minmlb_1","Rosario","Eddie",67098,"ROSARIO19910928A",NA,"Eddie Rosario","2018"
"259","Pop Out",141.923189252336,156.495327102804,596146,453329,"O","H",4,2019-03-28,"gid_2019_04_18_tormlb_minmlb_1","Kepler","Max",68091,"KEPLER-RO19930210A",NA,"Max Kepler","2019"
"260","Pop Out",145.9,173.18,592696,663423,"O","H",3,2019-03-28,"gid_2019_04_17_tormlb_minmlb_1","Rosario","Eddie",67098,"ROSARIO19910928A",NA,"Eddie Rosario","2019"
"261","Pop Out",147.15,138.26,592696,434378,"O","H",6,2018-04-05,"gid_2018_04_09_houmlb_minmlb_1","Rosario","Eddie",67098,"ROSARIO19910928A",NA,"Eddie Rosario","2018"
"262","Pop Out",151.46,129.49,596146,434378,"O","H",6,2019-03-28,"gid_2019_04_29_houmlb_minmlb_1","Kepler","Max",68091,"KEPLER-RO19930210A",NA,"Max Kepler","2019"
"263","Pop Out",151.46,158.08,592696,593140,"O","A",8,2018-04-05,"gid_2018_04_02_minmlb_pitmlb_1","Rosario","Eddie",67098,"ROSARIO19910928A",NA,"Eddie Rosario","2018"
"264","Pop Out",160.61,187.78,592696,488768,"O","A",5,2018-04-05,"gid_2018_03_31_minmlb_balmlb_1","Rosario","Eddie",67098,"ROSARIO19910928A",NA,"Eddie Rosario","2018"
"265","Pop Out",162.180198598131,182.710280373832,596146,471911,"O","H",4,2019-03-28,"gid_2019_03_31_clemlb_minmlb_1","Kepler","Max",68091,"KEPLER-RO19930210A",NA,"Max Kepler","2019"
"266","Pop Out",162.85,125.8,596146,282332,"O","A",6,2018-04-05,"gid_2018_04_24_minmlb_nyamlb_1","Kepler","Max",68091,"KEPLER-RO19930210A",NA,"Max Kepler","2018"
"267","Pop Out",177.45,137.91,592696,467100,"O","A",1,2018-04-05,"gid_2018_04_04_minmlb_pitmlb_1","Rosario","Eddie",67098,"ROSARIO19910928A",NA,"Eddie Rosario","2018"
"268","Sac Fly",82.1738749020372,92.9310225881628,596146,573185,"O","H",3,2019-03-28,"gid_2019_04_27_balmlb_minmlb_1","Kepler","Max",68091,"KEPLER-RO19930210A",NA,"Max Kepler","2019"
"269","Sac Fly",88.93,77.8,596146,642397,"O","H",1,2019-03-28,"gid_2019_04_12_detmlb_minmlb_1","Kepler","Max",68091,"KEPLER-RO19930210A",NA,"Max Kepler","2019"
"270","Single",74.0026285046729,93.7383177570094,596146,519096,"H","H",6,2019-03-28,"gid_2019_03_31_clemlb_minmlb_1","Kepler","Max",68091,"KEPLER-RO19930210A",NA,"Max Kepler","2019"
"271","Single",85.6,105.02,596146,518617,"H","A",8,2019-03-28,"gid_2019_04_03_minmlb_kcamlb_1","Kepler","Max",68091,"KEPLER-RO19930210A",NA,"Max Kepler","2019"
"272","Single",89.61,112.82,596146,434378,"H","H",7,2018-04-05,"gid_2018_04_09_houmlb_minmlb_1","Kepler","Max",68091,"KEPLER-RO19930210A",NA,"Max Kepler","2018"
"273","Single",96.75,110.4,592696,607219,"H","H",5,2018-04-05,"gid_2018_04_28_cinmlb_minmlb_1","Rosario","Eddie",67098,"ROSARIO19910928A",NA,"Eddie Rosario","2018"
"274","Single",99.3269146089244,105.090219819367,592696,453178,"H","A",9,2019-03-28,"gid_2019_04_02_minmlb_kcamlb_1","Rosario","Eddie",67098,"ROSARIO19910928A",NA,"Eddie Rosario","2019"
"275","Single",100.38,105.99,596146,628452,"H","H",9,2018-04-05,"gid_2018_04_27_cinmlb_minmlb_1","Kepler","Max",68091,"KEPLER-RO19930210A",NA,"Max Kepler","2018"
"276","Single",107.19,96.12,596146,607192,"H","A",8,2018-04-05,"gid_2018_04_04_minmlb_pitmlb_1","Kepler","Max",68091,"KEPLER-RO19930210A",NA,"Max Kepler","2018"
"277","Single",108.6,177.89,592696,642397,"H","H",5,2019-03-28,"gid_2019_04_12_detmlb_minmlb_1","Rosario","Eddie",67098,"ROSARIO19910928A",NA,"Eddie Rosario","2019"
"278","Single",109.12,108.93,592696,642397,"H","H",1,2019-03-28,"gid_2019_04_12_detmlb_minmlb_1","Rosario","Eddie",67098,"ROSARIO19910928A",NA,"Eddie Rosario","2019"
"279","Single",110.83,170,592696,592332,"H","A",1,2018-04-05,"gid_2018_04_01_minmlb_balmlb_1","Rosario","Eddie",67098,"ROSARIO19910928A",NA,"Eddie Rosario","2018"
"280","Single",114.6,110.5,592696,598286,"H","H",6,2019-03-28,"gid_2019_04_12_detmlb_minmlb_1","Rosario","Eddie",67098,"ROSARIO19910928A",NA,"Eddie Rosario","2019"
"281","Single",114.896040836653,75.0099588675328,596146,641745,"H","A",1,2019-03-28,"gid_2019_04_02_minmlb_kcamlb_1","Kepler","Max",68091,"KEPLER-RO19930210A",NA,"Max Kepler","2019"
"282","Single",126.58,75.01,596146,643338,"H","A",7,2018-04-05,"gid_2018_04_25_minmlb_nyamlb_1","Kepler","Max",68091,"KEPLER-RO19930210A",NA,"Max Kepler","2018"
"283","Single",127.04,58.57,592696,519240,"H","H",6,2018-04-05,"gid_2018_04_07_seamlb_minmlb_1","Rosario","Eddie",67098,"ROSARIO19910928A",NA,"Eddie Rosario","2018"
"284","Single",127.19,80.11,592696,532077,"H","H",9,2018-04-05,"gid_2018_04_30_tormlb_minmlb_1","Rosario","Eddie",67098,"ROSARIO19910928A",NA,"Eddie Rosario","2018"
"285","Single",127.37,100.24,596146,547973,"H","A",9,2018-04-05,"gid_2018_04_25_minmlb_nyamlb_1","Kepler","Max",68091,"KEPLER-RO19930210A",NA,"Max Kepler","2018"
"286","Single",128.77,120.85,596146,592789,"H","A",3,2019-03-28,"gid_2019_04_10_minmlb_nynmlb_1","Kepler","Max",68091,"KEPLER-RO19930210A",NA,"Max Kepler","2019"
"287","Single",129.21,182.71,592696,592791,"H","A",4,2018-04-05,"gid_2018_04_02_minmlb_pitmlb_1","Rosario","Eddie",67098,"ROSARIO19910928A",NA,"Eddie Rosario","2018"
"288","Single",131.11,99.83,592696,592102,"H","H",12,2018-04-05,"gid_2018_04_18_clemlb_minmlb_1","Rosario","Eddie",67098,"ROSARIO19910928A",NA,"Eddie Rosario","2018"
"289","Single",134.706797808765,190.318723807772,596146,657612,"H","A",7,2019-03-28,"gid_2019_04_02_minmlb_kcamlb_1","Kepler","Max",68091,"KEPLER-RO19930210A",NA,"Max Kepler","2019"
"290","Single",139.83,140.16,596146,502042,"H","A",5,2018-04-05,"gid_2018_04_20_minmlb_tbamlb_1","Kepler","Max",68091,"KEPLER-RO19930210A",NA,"Max Kepler","2018"
"291","Single",142.154761904762,140.972222222222,592696,621107,"H","A",1,2019-03-28,"gid_2019_04_07_minmlb_phimlb_1","Rosario","Eddie",67098,"ROSARIO19910928A",NA,"Eddie Rosario","2019"
"292","Single",142.867571233017,76.6551896329888,592696,475115,"H","H",6,2019-03-28,"gid_2019_04_13_detmlb_minmlb_1","Rosario","Eddie",67098,"ROSARIO19910928A",NA,"Eddie Rosario","2019"
"293","Single",144.6,90.41,592696,607219,"H","H",4,2018-04-05,"gid_2018_04_28_cinmlb_minmlb_1","Rosario","Eddie",67098,"ROSARIO19910928A",NA,"Eddie Rosario","2018"
"294","Single",147.88113317757,92.1495327102804,592696,519455,"H","H",1,2019-03-28,"gid_2019_04_14_detmlb_minmlb_1","Rosario","Eddie",67098,"ROSARIO19910928A",NA,"Eddie Rosario","2019"
"295","Single",148.25,86.1150793650794,592696,601713,"H","A",5,2019-03-28,"gid_2019_04_05_minmlb_phimlb_1","Rosario","Eddie",67098,"ROSARIO19910928A",NA,"Eddie Rosario","2019"
"296","Single",148.278329439252,90.5607476635514,596146,593679,"H","H",7,2019-03-28,"gid_2019_04_26_balmlb_minmlb_1","Kepler","Max",68091,"KEPLER-RO19930210A",NA,"Max Kepler","2019"
"297","Single",151.37,105.33,596146,607237,"H","H",6,2018-04-05,"gid_2018_04_27_cinmlb_minmlb_1","Kepler","Max",68091,"KEPLER-RO19930210A",NA,"Max Kepler","2018"
"298","Single",153.5,125.81,596146,543243,"H","A",4,2018-04-05,"gid_2018_04_25_minmlb_nyamlb_1","Kepler","Max",68091,"KEPLER-RO19930210A",NA,"Max Kepler","2018"
"299","Single",155.53,163.9,592696,542960,"H","A",9,2018-04-05,"gid_2018_03_29_minmlb_balmlb_1","Rosario","Eddie",67098,"ROSARIO19910928A",NA,"Eddie Rosario","2018"
"300","Single",157.057395418327,86.6932257998037,596146,444468,"H","A",7,2019-03-28,"gid_2019_04_23_minmlb_houmlb_1","Kepler","Max",68091,"KEPLER-RO19930210A",NA,"Max Kepler","2019"
"301","Single",159.597236055777,119.203185959166,596146,657624,"H","A",6,2019-03-28,"gid_2019_04_22_minmlb_houmlb_1","Kepler","Max",68091,"KEPLER-RO19930210A",NA,"Max Kepler","2019"
"302","Single",162.85,85.65,596146,542882,"H","A",8,2018-04-05,"gid_2018_04_21_minmlb_tbamlb_1","Kepler","Max",68091,"KEPLER-RO19930210A",NA,"Max Kepler","2018"
"303","Single",164.18,101.89,592696,630023,"H","A",3,2018-04-05,"gid_2018_04_22_minmlb_tbamlb_1","Rosario","Eddie",67098,"ROSARIO19910928A",NA,"Eddie Rosario","2018"
"304","Single",168.43,110.18,596146,605164,"H","A",3,2018-04-05,"gid_2018_03_29_minmlb_balmlb_1","Kepler","Max",68091,"KEPLER-RO19930210A",NA,"Max Kepler","2018"
"305","Single",169.659299873039,114.63856273705,596146,594798,"H","A",4,2019-03-28,"gid_2019_04_09_minmlb_nynmlb_1","Kepler","Max",68091,"KEPLER-RO19930210A",NA,"Max Kepler","2019"
"306","Single",173.42,100.41,592696,571735,"H","A",8,2018-04-05,"gid_2018_04_23_minmlb_nyamlb_1","Rosario","Eddie",67098,"ROSARIO19910928A",NA,"Eddie Rosario","2018"
"307","Single",174.36,101.39,592696,446372,"H","H",4,2018-04-05,"gid_2018_04_17_clemlb_minmlb_1","Rosario","Eddie",67098,"ROSARIO19910928A",NA,"Eddie Rosario","2018"
"308","Single",175.3,105.92,592696,458708,"H","H",16,2018-04-05,"gid_2018_04_18_clemlb_minmlb_1","Rosario","Eddie",67098,"ROSARIO19910928A",NA,"Eddie Rosario","2018"
"309","Single",178.85,111.51,596146,471911,"H","H",5,2018-04-05,"gid_2018_04_18_clemlb_minmlb_1","Kepler","Max",68091,"KEPLER-RO19930210A",NA,"Max Kepler","2018"
"310","Single",181.245619158878,119.953271028037,592696,475115,"H","H",3,2019-03-28,"gid_2019_04_13_detmlb_minmlb_1","Rosario","Eddie",67098,"ROSARIO19910928A",NA,"Eddie Rosario","2019"
"311","Single",183.47,121.24,592696,503449,"H","A",9,2019-03-28,"gid_2019_04_03_minmlb_kcamlb_1","Rosario","Eddie",67098,"ROSARIO19910928A",NA,"Eddie Rosario","2019"
"312","Single",183.96,110.21,596146,453562,"H","A",5,2019-03-28,"gid_2019_04_06_minmlb_phimlb_1","Kepler","Max",68091,"KEPLER-RO19930210A",NA,"Max Kepler","2019"
"313","Single",184.157656585298,119.772654877211,596146,502085,"H","A",8,2019-03-28,"gid_2019_04_07_minmlb_phimlb_1","Kepler","Max",68091,"KEPLER-RO19930210A",NA,"Max Kepler","2019"
"314","Single",184.389020026696,110.172975820003,592696,502748,"H","A",1,2019-03-28,"gid_2019_04_22_minmlb_houmlb_1","Rosario","Eddie",67098,"ROSARIO19910928A",NA,"Eddie Rosario","2019"
"315","Single",185.87,111.09,592696,542882,"H","A",9,2018-04-05,"gid_2018_04_21_minmlb_tbamlb_1","Rosario","Eddie",67098,"ROSARIO19910928A",NA,"Eddie Rosario","2018"
"316","Single",186.80636682243,117.570093457944,596146,475115,"H","H",3,2019-03-28,"gid_2019_04_13_detmlb_minmlb_1","Kepler","Max",68091,"KEPLER-RO19930210A",NA,"Max Kepler","2019"
"317","Single",191.374123831776,108.03738317757,596146,657624,"H","H",8,2019-03-28,"gid_2019_04_30_houmlb_minmlb_1","Kepler","Max",68091,"KEPLER-RO19930210A",NA,"Max Kepler","2019"
"318","Single",200.11,100.89,596146,656186,"H","H",6,2018-04-05,"gid_2018_04_05_seamlb_minmlb_1","Kepler","Max",68091,"KEPLER-RO19930210A",NA,"Max Kepler","2018"
"319","Single",203.692533548123,119.74194441409,596146,598286,"H","H",6,2019-03-28,"gid_2019_04_12_detmlb_minmlb_1","Kepler","Max",68091,"KEPLER-RO19930210A",NA,"Max Kepler","2019"
"320","Single",213.863769780643,91.1384617420887,592696,605541,"H","A",4,2019-03-28,"gid_2019_04_19_minmlb_balmlb_1","Rosario","Eddie",67098,"ROSARIO19910928A",NA,"Eddie Rosario","2019"
"321","Single",213.863769780643,91.1384617420887,592696,605541,"H","A",4,2019-03-28,"gid_2019_04_20_minmlb_balmlb_2","Rosario","Eddie",67098,"ROSARIO19910928A",NA,"Eddie Rosario","2019"
"322","Triple",163.56,77,592696,621121,"H","H",4,2018-04-05,"gid_2018_04_11_houmlb_minmlb_1","Rosario","Eddie",67098,"ROSARIO19910928A",NA,"Eddie Rosario","2018"
"323","Triple",198.43,104.91,596146,592717,"H","H",4,2018-04-05,"gid_2018_04_30_tormlb_minmlb_1","Kepler","Max",68091,"KEPLER-RO19930210A",NA,"Max Kepler","2018"
